{"cameraMode":{"drawMode":0,"name":"Shaded","section":"Shading Mode"},"sceneLighting":true,"audioPlay":false,"sceneViewState":{"showFog":true,"showMaterialUpdate":false,"showSkybox":true,"showFlares":true,"showImageEffects":true,"showParticleSystems":true},"in2DMode":false,"pivot":{"x":3.1171138286590578,"y":0.768126904964447,"z":1.0210362672805787},"rotation":{"x":-0.03137081861495972,"y":0.9092061519622803,"z":-0.06969062983989716,"w":-0.4092935621738434},"size":22.0,"orthographic":true}