{"cameraMode":{"drawMode":0,"name":"Shaded","section":"Shading Mode"},"sceneLighting":true,"audioPlay":false,"sceneViewState":{"showFog":true,"showMaterialUpdate":false,"showSkybox":false,"showFlares":true,"showImageEffects":true,"showParticleSystems":true},"in2DMode":false,"pivot":{"x":-1.062000036239624,"y":0.7300000190734863,"z":2.7139999866485597},"rotation":{"x":-0.08723379671573639,"y":0.9031346440315247,"z":-0.21987350285053254,"w":-0.3583160638809204},"size":1.0905499458312989,"orthographic":false}